{
  "status": "SUCCESS",
  "data": {
    "all": [
      {
        "id": "1",
        "username": "Bruce",
        "email": "test@memberAdmin.com",
        "group": "管理员",
        "articleNum": "10",
        "commentNum": "82",
        "regTime": "2017-02-11",
        "LastLoginTime": "2018-02-11"
      },
      {
        "id": "2",
        "username": "Alex",
        "email": "test@memberAdmin.com",
        "group": "管理员",
        "articleNum": "29",
        "commentNum": "12",
        "regTime": "2017-02-11",
        "LastLoginTime": "2018-02-11"
      },
      {
        "id": "3",
        "username": "Bob",
        "email": "test@memberAdmin.com",
        "group": "投稿者",
        "articleNum": "30",
        "commentNum": "57",
        "regTime": "2017-02-11",
        "LastLoginTime": "2018-02-11"
      },
      {
        "id": "4",
        "username": "Charles",
        "email": "test@memberAdmin.com",
        "group": "投稿者",
        "articleNum": "89",
        "commentNum": "129",
        "regTime": "2017-02-11",
        "LastLoginTime": "2018-02-11"
      },
      {
        "id": "5",
        "username": "Eric",
        "email": "test@memberAdmin.com",
        "group": "投稿者",
        "articleNum": "38",
        "commentNum": "63",
        "regTime": "2017-02-11",
        "LastLoginTime": "2018-02-11"
      }
    ],
    "review": [
      {
        "id": "1",
        "username": "Bob",
        "email": "test@memberAdmin.com",
        "group": "管理员",
        "articleNum": "10",
        "commentNum": "82",
        "regTime": "2017-02-11",
        "LastLoginTime": "2018-02-11"
      }
    ]
  }
}
